{"cameraMode":{"drawMode":0,"name":"Shaded","section":"Shading Mode"},"sceneLighting":false,"audioPlay":false,"sceneViewState":{"m_AlwaysRefresh":false,"showFog":true,"showSkybox":false,"showFlares":true,"showImageEffects":true,"showParticleSystems":true,"showVisualEffectGraphs":true,"m_FxEnabled":true},"in2DMode":false,"pivot":{"x":2.0172805786132814,"y":1.0058928728103638,"z":-0.017449647188186647},"rotation":{"x":0.28582993149757388,"y":0.0017075337236747146,"z":0.0007344370824284852,"w":0.9585126638412476},"size":0.5445349216461182,"orthographic":false}