{"cameraMode":{"drawMode":0,"name":"Shaded","section":"Shading Mode"},"sceneLighting":false,"audioPlay":false,"sceneViewState":{"m_AlwaysRefresh":false,"showFog":true,"showSkybox":false,"showFlares":true,"showImageEffects":true,"showParticleSystems":true,"showVisualEffectGraphs":true,"m_FxEnabled":true},"in2DMode":false,"pivot":{"x":7.640892505645752,"y":1.9493411779403687,"z":8.118722915649414},"rotation":{"x":0.36640462279319765,"y":0.036673516035079959,"z":-0.013108660466969014,"w":0.9298791289329529},"size":6.37921667098999,"orthographic":false}