{"cameraMode":{"drawMode":0,"name":"Shaded","section":"Shading Mode"},"sceneLighting":false,"audioPlay":false,"sceneViewState":{"m_AlwaysRefresh":false,"showFog":true,"showSkybox":false,"showFlares":true,"showImageEffects":true,"showParticleSystems":true,"showVisualEffectGraphs":true,"m_FxEnabled":true},"in2DMode":false,"pivot":{"x":-2.9802322387695315e-8,"y":0.6678231954574585,"z":0.026546239852905275},"rotation":{"x":0.32719364762306216,"y":0.020224720239639283,"z":-0.005573364906013012,"w":0.9449558854103088},"size":1.7393916845321656,"orthographic":false}