{"cameraMode":{"drawMode":0,"name":"Shaded","section":"Shading Mode"},"sceneLighting":false,"audioPlay":false,"sceneViewState":{"m_AlwaysRefresh":false,"showFog":true,"showSkybox":false,"showFlares":true,"showImageEffects":true,"showParticleSystems":true,"showVisualEffectGraphs":true,"m_FxEnabled":true},"in2DMode":false,"pivot":{"x":-0.0010210275650024415,"y":0.5467450618743897,"z":0.06976985931396485},"rotation":{"x":0.0004690002533607185,"y":-0.9944978952407837,"z":0.10634511709213257,"w":0.0189561415463686},"size":1.0022953748703004,"orthographic":false}