{"cameraMode":{"drawMode":0,"name":"Shaded","section":"Shading Mode"},"sceneLighting":false,"audioPlay":false,"sceneViewState":{"m_AlwaysRefresh":false,"showFog":true,"showSkybox":false,"showFlares":true,"showImageEffects":true,"showParticleSystems":true,"showVisualEffectGraphs":true,"m_FxEnabled":true},"in2DMode":false,"pivot":{"x":9.792814254760743,"y":-0.15985500812530518,"z":4.700676918029785},"rotation":{"x":-0.00363295990973711,"y":-0.9721423387527466,"z":0.23511090874671937,"w":-0.009702395647764206},"size":4.649984836578369,"orthographic":false}