{"cameraMode":{"drawMode":0,"name":"Shaded","section":"Shading Mode"},"sceneLighting":false,"audioPlay":false,"sceneViewState":{"m_AlwaysRefresh":false,"showFog":true,"showSkybox":false,"showFlares":true,"showImageEffects":true,"showParticleSystems":true,"showVisualEffectGraphs":true,"m_FxEnabled":true},"in2DMode":false,"pivot":{"x":0.9515691995620728,"y":-2.4087600708007814,"z":7.115756988525391},"rotation":{"x":0.301584392786026,"y":0.002168810460716486,"z":0.000050464786909287795,"w":0.9535961747169495},"size":29.187225341796876,"orthographic":false}