{"cameraMode":{"drawMode":0,"name":"Shaded","section":"Shading Mode"},"sceneLighting":false,"audioPlay":false,"sceneViewState":{"m_AlwaysRefresh":false,"showFog":true,"showSkybox":false,"showFlares":true,"showImageEffects":true,"showParticleSystems":true,"showVisualEffectGraphs":true,"m_FxEnabled":true},"in2DMode":false,"pivot":{"x":10.796531677246094,"y":1.9060122966766358,"z":5.985018253326416},"rotation":{"x":0.29121673107147219,"y":-0.1013549342751503,"z":0.032381948083639148,"w":0.9509553909301758},"size":1.305060625076294,"orthographic":false}