{"cameraMode":{"drawMode":0,"name":"Shaded","section":"Shading Mode"},"sceneLighting":false,"audioPlay":false,"sceneViewState":{"m_AlwaysRefresh":false,"showFog":true,"showSkybox":false,"showFlares":true,"showImageEffects":true,"showParticleSystems":true,"showVisualEffectGraphs":true,"m_FxEnabled":true},"in2DMode":false,"pivot":{"x":-0.34080660343170168,"y":-0.36346694827079775,"z":-0.40782657265663149},"rotation":{"x":-0.047723352909088138,"y":0.92625892162323,"z":-0.3521507978439331,"w":-0.12552641332149507},"size":1.5386682748794556,"orthographic":false}