{"cameraMode":{"drawMode":0,"name":"Shaded","section":"Shading Mode"},"sceneLighting":false,"audioPlay":false,"sceneViewState":{"m_AlwaysRefresh":false,"showFog":true,"showSkybox":false,"showFlares":true,"showImageEffects":true,"showParticleSystems":true,"showVisualEffectGraphs":true,"m_FxEnabled":true},"in2DMode":false,"pivot":{"x":10.011091232299805,"y":0.9658132195472717,"z":5.97873592376709},"rotation":{"x":0.29121673107147219,"y":-0.1013549342751503,"z":0.032381948083639148,"w":0.9509553909301758},"size":1.8865654468536378,"orthographic":false}