{"cameraMode":{"drawMode":0,"name":"Shaded","section":"Shading Mode"},"sceneLighting":false,"audioPlay":false,"sceneViewState":{"m_AlwaysRefresh":false,"showFog":true,"showSkybox":false,"showFlares":true,"showImageEffects":true,"showParticleSystems":true,"showVisualEffectGraphs":true,"m_FxEnabled":true},"in2DMode":false,"pivot":{"x":10.912348747253418,"y":1.7153987884521485,"z":6.832232475280762},"rotation":{"x":0.45719003677368166,"y":-0.08595303446054459,"z":0.04591568931937218,"w":0.8842656016349793},"size":1.8865654468536378,"orthographic":false}