{"cameraMode":{"drawMode":0,"name":"Shaded","section":"Shading Mode"},"sceneLighting":false,"audioPlay":false,"sceneViewState":{"m_AlwaysRefresh":false,"showFog":true,"showSkybox":false,"showFlares":true,"showImageEffects":true,"showParticleSystems":true,"showVisualEffectGraphs":true,"m_FxEnabled":true},"in2DMode":false,"pivot":{"x":10.331948280334473,"y":-1.2856539487838746,"z":7.451943397521973},"rotation":{"x":0.4108327627182007,"y":-0.07188963145017624,"z":0.03398667648434639,"w":0.9084818363189697},"size":2.8651742935180666,"orthographic":false}