{"cameraMode":{"drawMode":0,"name":"Shaded","section":"Shading Mode"},"sceneLighting":true,"audioPlay":false,"sceneViewState":{"m_AlwaysRefresh":false,"showFog":true,"showSkybox":false,"showFlares":true,"showImageEffects":true,"showParticleSystems":true,"showVisualEffectGraphs":true,"m_FxEnabled":true},"in2DMode":false,"pivot":{"x":10.516624450683594,"y":1.132587194442749,"z":12.58266830444336},"rotation":{"x":0.0354028083384037,"y":0.7848235368728638,"z":-0.045027170330286029,"w":0.6170685291290283},"size":1.6007537841796876,"orthographic":false}