{"cameraMode":{"drawMode":0,"name":"Shaded","section":"Shading Mode"},"sceneLighting":true,"audioPlay":false,"sceneViewState":{"m_AlwaysRefresh":false,"showFog":true,"showSkybox":false,"showFlares":true,"showImageEffects":true,"showParticleSystems":true,"showVisualEffectGraphs":true,"m_FxEnabled":true},"in2DMode":false,"pivot":{"x":12.63644027709961,"y":-0.9874894618988037,"z":14.559247970581055},"rotation":{"x":-0.44568806886672976,"y":-0.03436308726668358,"z":0.017123129218816758,"w":-0.894366443157196},"size":6.745274066925049,"orthographic":false}