{"cameraMode":{"drawMode":0,"name":"Shaded","section":"Shading Mode"},"sceneLighting":true,"audioPlay":false,"sceneViewState":{"m_AlwaysRefresh":false,"showFog":true,"showSkybox":false,"showFlares":true,"showImageEffects":true,"showParticleSystems":true,"showVisualEffectGraphs":true,"m_FxEnabled":true},"in2DMode":false,"pivot":{"x":9.522729873657227,"y":-0.49725285172462466,"z":16.777128219604493},"rotation":{"x":-0.3754860460758209,"y":0.18494613468647004,"z":-0.07674043625593186,"w":-0.9049420952796936},"size":6.745274066925049,"orthographic":false}