{"cameraMode":{"drawMode":0,"name":"Shaded","section":"Shading Mode"},"sceneLighting":false,"audioPlay":false,"sceneViewState":{"m_AlwaysRefresh":false,"showFog":true,"showSkybox":false,"showFlares":true,"showImageEffects":true,"showParticleSystems":true,"showVisualEffectGraphs":true,"m_FxEnabled":true},"in2DMode":false,"pivot":{"x":0.09486711025238037,"y":0.9147276878356934,"z":0.4043997526168823},"rotation":{"x":0.17733785510063172,"y":-0.8077184557914734,"z":0.30642595887184145,"w":0.471893310546875},"size":1.5214524269104005,"orthographic":false}