{"cameraMode":{"drawMode":0,"name":"Shaded","section":"Shading Mode"},"sceneLighting":false,"audioPlay":false,"sceneViewState":{"m_AlwaysRefresh":false,"showFog":true,"showSkybox":false,"showFlares":true,"showImageEffects":true,"showParticleSystems":true,"showVisualEffectGraphs":true,"m_FxEnabled":true},"in2DMode":false,"pivot":{"x":0.6993380784988403,"y":-0.06365746259689331,"z":0.4224529266357422},"rotation":{"x":0.1727638840675354,"y":0.09452632814645767,"z":-0.015555335208773613,"w":0.9805059432983398},"size":1.5099668502807618,"orthographic":false}