{"cameraMode":{"drawMode":0,"name":"Shaded","section":"Shading Mode"},"sceneLighting":false,"audioPlay":false,"sceneViewState":{"m_AlwaysRefresh":false,"showFog":true,"showSkybox":false,"showFlares":true,"showImageEffects":true,"showParticleSystems":true,"showVisualEffectGraphs":true,"m_FxEnabled":true},"in2DMode":false,"pivot":{"x":-0.08128508180379868,"y":-0.9069923162460327,"z":-0.0651242733001709},"rotation":{"x":0.38193169236183169,"y":-0.002437956864014268,"z":0.0021694281604140999,"w":0.924410343170166},"size":1.5099668502807618,"orthographic":false}