{"cameraMode":{"drawMode":0,"name":"Shaded","section":"Shading Mode"},"sceneLighting":false,"audioPlay":false,"sceneViewState":{"m_AlwaysRefresh":false,"showFog":true,"showSkybox":false,"showFlares":true,"showImageEffects":true,"showParticleSystems":true,"showVisualEffectGraphs":true,"m_FxEnabled":true},"in2DMode":false,"pivot":{"x":-0.16504904627799989,"y":1.005793571472168,"z":-1.2598001956939698},"rotation":{"x":0.0004690002533607185,"y":-0.9944978952407837,"z":0.10634511709213257,"w":0.0189561415463686},"size":1.8624526262283326,"orthographic":false}