{"cameraMode":{"drawMode":0,"name":"Shaded","section":"Shading Mode"},"sceneLighting":false,"audioPlay":false,"sceneViewState":{"m_AlwaysRefresh":false,"showFog":true,"showSkybox":false,"showFlares":true,"showImageEffects":true,"showParticleSystems":true,"showVisualEffectGraphs":true,"m_FxEnabled":true},"in2DMode":false,"pivot":{"x":1810.4036865234375,"y":1010.5640258789063,"z":63.22026443481445},"rotation":{"x":-0.12717600166797639,"y":0.06693624705076218,"z":-0.008669015020132065,"w":-0.9896507263183594},"size":134.85841369628907,"orthographic":false}