{"cameraMode":{"drawMode":0,"name":"Shaded","section":"Shading Mode"},"sceneLighting":false,"audioPlay":false,"sceneViewState":{"m_AlwaysRefresh":false,"showFog":true,"showSkybox":false,"showFlares":true,"showImageEffects":true,"showParticleSystems":true,"showVisualEffectGraphs":true,"m_FxEnabled":true},"in2DMode":false,"pivot":{"x":1898.85400390625,"y":988.5692138671875,"z":-3.8021087646484377},"rotation":{"x":-0.057258959859609607,"y":-0.029910674318671228,"z":0.001647419878281653,"w":-0.9979791641235352},"size":91.30035400390625,"orthographic":false}