{"cameraMode":{"drawMode":0,"name":"Shaded","section":"Shading Mode"},"sceneLighting":false,"audioPlay":false,"sceneViewState":{"m_AlwaysRefresh":false,"showFog":true,"showSkybox":false,"showFlares":true,"showImageEffects":true,"showParticleSystems":true,"showVisualEffectGraphs":true,"m_FxEnabled":true},"in2DMode":false,"pivot":{"x":1513.6593017578125,"y":853.6970825195313,"z":-18.47198486328125},"rotation":{"x":-0.12717600166797639,"y":0.06693624705076218,"z":-0.008669015020132065,"w":-0.9896507263183594},"size":228.70388793945313,"orthographic":false}