{"cameraMode":{"drawMode":0,"name":"Shaded","section":"Shading Mode"},"sceneLighting":false,"audioPlay":false,"sceneViewState":{"m_AlwaysRefresh":false,"showFog":true,"showSkybox":false,"showFlares":true,"showImageEffects":true,"showParticleSystems":true,"showVisualEffectGraphs":true,"m_FxEnabled":true},"in2DMode":false,"pivot":{"x":-8.940696716308594e-8,"y":0.3761787414550781,"z":-0.020665287971496583},"rotation":{"x":0.32719364762306216,"y":0.020224720239639283,"z":-0.005573364906013012,"w":0.9449558854103088},"size":0.8062102794647217,"orthographic":false}