{"cameraMode":{"drawMode":0,"name":"Shaded","section":"Shading Mode"},"sceneLighting":false,"audioPlay":false,"sceneViewState":{"m_AlwaysRefresh":false,"showFog":true,"showSkybox":false,"showFlares":true,"showImageEffects":true,"showParticleSystems":true,"showVisualEffectGraphs":true,"m_FxEnabled":true},"in2DMode":false,"pivot":{"x":1845.6373291015625,"y":1000.9649658203125,"z":-9.4534912109375},"rotation":{"x":0.028816860169172288,"y":0.010456182062625885,"z":0.0008713454008102417,"w":0.9997563362121582},"size":80.69263458251953,"orthographic":false}