{"cameraMode":{"drawMode":0,"name":"Shaded","section":"Shading Mode"},"sceneLighting":false,"audioPlay":false,"sceneViewState":{"m_AlwaysRefresh":false,"showFog":true,"showSkybox":false,"showFlares":true,"showImageEffects":true,"showParticleSystems":true,"showVisualEffectGraphs":true,"m_FxEnabled":true},"in2DMode":false,"pivot":{"x":3.9143152236938478,"y":2.4235000610351564,"z":3.1080923080444338},"rotation":{"x":-0.005736279301345348,"y":0.9882093667984009,"z":-0.14815020561218263,"w":-0.03826163336634636},"size":1.8244847059249879,"orthographic":false}