{"cameraMode":{"drawMode":0,"name":"Shaded","section":"Shading Mode"},"sceneLighting":false,"audioPlay":false,"sceneViewState":{"m_AlwaysRefresh":false,"showFog":true,"showSkybox":false,"showFlares":true,"showImageEffects":true,"showParticleSystems":true,"showVisualEffectGraphs":true,"m_FxEnabled":true},"in2DMode":false,"pivot":{"x":10.050024032592774,"y":1.8215088844299317,"z":6.4091057777404789},"rotation":{"x":0.20516619086265565,"y":-0.13589712977409364,"z":0.029942765831947328,"w":0.9690151810646057},"size":2.5913662910461427,"orthographic":false}