{"cameraMode":{"drawMode":0,"name":"Shaded","section":"Shading Mode"},"sceneLighting":false,"audioPlay":false,"sceneViewState":{"m_AlwaysRefresh":false,"showFog":true,"showSkybox":false,"showFlares":true,"showImageEffects":true,"showParticleSystems":true,"showVisualEffectGraphs":true,"m_FxEnabled":true},"in2DMode":false,"pivot":{"x":-0.003143095411360264,"y":1.59640634059906,"z":0.842852771282196},"rotation":{"x":0.17941686511039735,"y":-0.3332860767841339,"z":0.06598898023366928,"w":0.9234848022460938},"size":0.010815811343491078,"orthographic":false}