{"cameraMode":{"drawMode":0,"name":"Shaded","section":"Shading Mode"},"sceneLighting":false,"audioPlay":false,"sceneViewState":{"m_AlwaysRefresh":false,"showFog":true,"showSkybox":false,"showFlares":true,"showImageEffects":true,"showParticleSystems":true,"showVisualEffectGraphs":true,"m_FxEnabled":true},"in2DMode":false,"pivot":{"x":0.016968704760074617,"y":-0.5708439350128174,"z":0.10625195503234863},"rotation":{"x":0.39437904953956606,"y":-0.00103012437466532,"z":0.0016096215695142747,"w":0.9191731810569763},"size":1.7386513948440552,"orthographic":false}