{"cameraMode":{"drawMode":0,"name":"Shaded","section":"Shading Mode"},"sceneLighting":false,"audioPlay":false,"sceneViewState":{"m_AlwaysRefresh":false,"showFog":true,"showSkybox":false,"showFlares":true,"showImageEffects":true,"showParticleSystems":true,"showVisualEffectGraphs":true,"m_FxEnabled":true},"in2DMode":false,"pivot":{"x":-2.408806085586548,"y":1.2025279998779297,"z":0.26400938630104067},"rotation":{"x":0.013381057418882847,"y":0.7891378998756409,"z":0.016202325001358987,"w":-0.6143097281455994},"size":3.121885061264038,"orthographic":false}