{"cameraMode":{"drawMode":0,"name":"Shaded","section":"Shading Mode"},"sceneLighting":true,"audioPlay":false,"sceneViewState":{"m_AlwaysRefresh":false,"showFog":true,"showSkybox":true,"showFlares":true,"showImageEffects":true,"showParticleSystems":true,"showVisualEffectGraphs":true,"m_FxEnabled":true},"in2DMode":false,"pivot":{"x":215.93971252441407,"y":157.5628662109375,"z":9.298439979553223},"rotation":{"x":0.33854085206985476,"y":0.014492819085717202,"z":-0.003829177236184478,"w":0.9410778284072876},"size":41.37480163574219,"orthographic":false}