{"cameraMode":{"drawMode":0,"name":"Shaded","section":"Shading Mode"},"sceneLighting":true,"audioPlay":false,"sceneViewState":{"m_AlwaysRefresh":false,"showFog":true,"showSkybox":true,"showFlares":true,"showImageEffects":true,"showParticleSystems":true,"showVisualEffectGraphs":true,"m_FxEnabled":true},"in2DMode":false,"pivot":{"x":7.873016357421875,"y":-0.20005929470062257,"z":9.1769437789917},"rotation":{"x":0.33855870366096499,"y":0.008839971385896206,"z":-0.0018173238495364786,"w":0.9411505460739136},"size":4.339025497436523,"orthographic":false}