{"cameraMode":{"drawMode":0,"name":"Shaded","section":"Shading Mode"},"sceneLighting":true,"audioPlay":false,"sceneViewState":{"m_AlwaysRefresh":false,"showFog":true,"showSkybox":true,"showFlares":true,"showImageEffects":true,"showParticleSystems":true,"showVisualEffectGraphs":true,"m_FxEnabled":true},"in2DMode":false,"pivot":{"x":0.4628011882305145,"y":0.3972386121749878,"z":0.12438440322875977},"rotation":{"x":0.15273885428905488,"y":0.01643112488090992,"z":-0.0012495771516114474,"w":0.988361120223999},"size":4.068129539489746,"orthographic":false}