{"cameraMode":{"drawMode":0,"name":"Shaded","section":"Shading Mode"},"sceneLighting":true,"audioPlay":false,"sceneViewState":{"m_AlwaysRefresh":false,"showFog":true,"showSkybox":true,"showFlares":true,"showImageEffects":true,"showParticleSystems":true,"showVisualEffectGraphs":true,"m_FxEnabled":true},"in2DMode":false,"pivot":{"x":10.957822799682618,"y":-10.183107376098633,"z":14.492544174194336},"rotation":{"x":-0.4352506995201111,"y":-0.0183417908847332,"z":0.008044182322919369,"w":-0.9003006219863892},"size":23.831241607666017,"orthographic":false}