{"cameraMode":{"drawMode":0,"name":"Shaded","section":"Shading Mode"},"sceneLighting":true,"audioPlay":false,"sceneViewState":{"m_AlwaysRefresh":false,"showFog":true,"showSkybox":true,"showFlares":true,"showImageEffects":true,"showParticleSystems":true,"showVisualEffectGraphs":true,"m_FxEnabled":true},"in2DMode":false,"pivot":{"x":8.210626602172852,"y":-17.897552490234376,"z":18.539443969726564},"rotation":{"x":0.3956267237663269,"y":-0.021589193493127824,"z":0.010737325064837933,"w":0.9183576107025147},"size":21.426748275756837,"orthographic":false}