{"cameraMode":{"drawMode":0,"name":"Shaded","section":"Shading Mode"},"sceneLighting":true,"audioPlay":false,"sceneViewState":{"m_AlwaysRefresh":false,"showFog":true,"showSkybox":true,"showFlares":true,"showImageEffects":true,"showParticleSystems":true,"showVisualEffectGraphs":true,"m_FxEnabled":true},"in2DMode":false,"pivot":{"x":8.723739624023438,"y":-4.149213790893555,"z":2.4161643981933595},"rotation":{"x":0.4259849786758423,"y":-0.02149328961968422,"z":0.011538864113390446,"w":0.9046807289123535},"size":18.49553680419922,"orthographic":false}