{"cameraMode":{"drawMode":0,"name":"Shaded","section":"Shading Mode"},"sceneLighting":true,"audioPlay":false,"sceneViewState":{"m_AlwaysRefresh":false,"showFog":true,"showSkybox":true,"showFlares":true,"showImageEffects":true,"showParticleSystems":true,"showVisualEffectGraphs":true,"m_FxEnabled":true},"in2DMode":false,"pivot":{"x":1.659170150756836,"y":-18.198238372802736,"z":13.576057434082032},"rotation":{"x":0.2433268129825592,"y":0.09140385687351227,"z":-0.02078397385776043,"w":0.9658100605010986},"size":41.092464447021487,"orthographic":false}