{"cameraMode":{"drawMode":0,"name":"Shaded","section":"Shading Mode"},"sceneLighting":true,"audioPlay":false,"sceneViewState":{"m_AlwaysRefresh":false,"showFog":true,"showSkybox":true,"showFlares":true,"showImageEffects":true,"showParticleSystems":true,"showVisualEffectGraphs":true,"m_FxEnabled":true},"in2DMode":false,"pivot":{"x":6.757582664489746,"y":-22.8082332611084,"z":6.5223798751831059},"rotation":{"x":0.3979419767856598,"y":0.015893777832388879,"z":-0.005414366256445646,"w":0.917529284954071},"size":31.805747985839845,"orthographic":false}