{"cameraMode":{"drawMode":0,"name":"Shaded","section":"Shading Mode"},"sceneLighting":false,"audioPlay":false,"sceneViewState":{"m_AlwaysRefresh":false,"showFog":true,"showSkybox":false,"showFlares":true,"showImageEffects":true,"showParticleSystems":true,"showVisualEffectGraphs":true,"m_FxEnabled":true},"in2DMode":false,"pivot":{"x":7.973838806152344,"y":4.719139575958252,"z":-1.640479326248169},"rotation":{"x":0.2972896695137024,"y":0.0007361253956332803,"z":0.0005060915136709809,"w":0.9549457430839539},"size":32.59688949584961,"orthographic":false}