{"cameraMode":{"drawMode":0,"name":"Shaded","section":"Shading Mode"},"sceneLighting":false,"audioPlay":false,"sceneViewState":{"m_AlwaysRefresh":false,"showFog":true,"showSkybox":false,"showFlares":true,"showImageEffects":true,"showParticleSystems":true,"showVisualEffectGraphs":true,"m_FxEnabled":true},"in2DMode":false,"pivot":{"x":-0.0000019073486328125,"y":3.9854302406311037,"z":0.0020694732666015627},"rotation":{"x":0.46298933029174807,"y":-0.07613936811685562,"z":0.040744587779045108,"w":0.8823186159133911},"size":32.074066162109378,"orthographic":false}