{"cameraMode":{"drawMode":0,"name":"Shaded","section":"Shading Mode"},"sceneLighting":true,"audioPlay":false,"sceneViewState":{"m_AlwaysRefresh":false,"showFog":true,"showSkybox":false,"showFlares":true,"showImageEffects":true,"showParticleSystems":true,"showVisualEffectGraphs":true,"m_FxEnabled":true},"in2DMode":false,"pivot":{"x":0.8389406204223633,"y":3.8916096687316896,"z":13.745440483093262},"rotation":{"x":-0.13125376403331757,"y":0.5855745077133179,"z":-0.09678860008716583,"w":-0.7940687537193298},"size":9.699484825134278,"orthographic":false}