{"cameraMode":{"drawMode":0,"name":"Shaded","section":"Shading Mode"},"sceneLighting":true,"audioPlay":false,"sceneViewState":{"m_AlwaysRefresh":false,"showFog":true,"showSkybox":false,"showFlares":true,"showImageEffects":true,"showParticleSystems":true,"showVisualEffectGraphs":true,"m_FxEnabled":true},"in2DMode":false,"pivot":{"x":2.5567805767059328,"y":-2.435098648071289,"z":19.601266860961915},"rotation":{"x":-0.22770170867443086,"y":-0.028316477313637735,"z":0.006641724146902561,"w":-0.973321795463562},"size":5.9382123947143559,"orthographic":false}