{"cameraMode":{"drawMode":0,"name":"Shaded","section":"Shading Mode"},"sceneLighting":false,"audioPlay":false,"sceneViewState":{"m_AlwaysRefresh":false,"showFog":true,"showSkybox":false,"showFlares":true,"showImageEffects":true,"showParticleSystems":true,"showVisualEffectGraphs":true,"m_FxEnabled":true},"in2DMode":false,"pivot":{"x":0.005614638328552246,"y":-0.7499648332595825,"z":0.08637508749961853},"rotation":{"x":-0.047723352909088138,"y":0.92625892162323,"z":-0.3521507978439331,"w":-0.12552641332149507},"size":1.538668155670166,"orthographic":false}