{"cameraMode":{"drawMode":0,"name":"Shaded","section":"Shading Mode"},"sceneLighting":false,"audioPlay":false,"sceneViewState":{"m_AlwaysRefresh":false,"showFog":true,"showSkybox":false,"showFlares":true,"showImageEffects":true,"showParticleSystems":true,"showVisualEffectGraphs":true,"m_FxEnabled":true},"in2DMode":false,"pivot":{"x":-0.08664815127849579,"y":-0.5874179005622864,"z":0.16081906855106355},"rotation":{"x":0.3941321074962616,"y":-0.02997712232172489,"z":0.014033506624400616,"w":0.9186844825744629},"size":1.7558759450912476,"orthographic":false}