{"cameraMode":{"drawMode":0,"name":"Shaded","section":"Shading Mode"},"sceneLighting":false,"audioPlay":false,"sceneViewState":{"m_AlwaysRefresh":false,"showFog":true,"showSkybox":false,"showFlares":true,"showImageEffects":true,"showParticleSystems":true,"showVisualEffectGraphs":true,"m_FxEnabled":true},"in2DMode":false,"pivot":{"x":-3.6239869594573976,"y":11.155349731445313,"z":3.892047882080078},"rotation":{"x":0.000564078742172569,"y":0.9609769582748413,"z":-0.27717113494873049,"w":-0.0004296538536436856},"size":25.715652465820314,"orthographic":false}