{"cameraMode":{"drawMode":0,"name":"Shaded","section":"Shading Mode"},"sceneLighting":false,"audioPlay":false,"sceneViewState":{"m_AlwaysRefresh":false,"showFog":true,"showSkybox":false,"showFlares":true,"showImageEffects":true,"showParticleSystems":true,"showVisualEffectGraphs":true,"m_FxEnabled":true},"in2DMode":false,"pivot":{"x":0.8563401699066162,"y":8.183046340942383,"z":-2.185455322265625},"rotation":{"x":0.2972896695137024,"y":0.0007361253956332803,"z":0.0005060915136709809,"w":0.9549457430839539},"size":26.010629653930665,"orthographic":false}