{"cameraMode":{"drawMode":0,"name":"Shaded","section":"Shading Mode"},"sceneLighting":false,"audioPlay":false,"sceneViewState":{"m_AlwaysRefresh":false,"showFog":true,"showSkybox":false,"showFlares":true,"showImageEffects":true,"showParticleSystems":true,"showVisualEffectGraphs":true,"m_FxEnabled":true},"in2DMode":false,"pivot":{"x":-0.011359307914972306,"y":-0.8092325925827026,"z":0.06514596939086914},"rotation":{"x":0.3708135783672333,"y":0.007294230628758669,"z":-0.0017424437683075667,"w":0.9289020299911499},"size":1.5525658130645753,"orthographic":false}